date,Unnamed: 0,USD,AUD,CHF,NOK,GBP,NZD,CAD,SEK,EUR
2014-06-30,0,1.369293,1.451686,1.215409,8.395318,0.800441,1.562823,1.46125,9.16391,1.58837988
2016-05-18,1,1.124448,1.552525,1.10526,9.292657,0.773311,1.664674,1.460051,9.341009,1.30435968
2015-11-19,2,1.073339,1.492634,1.088054,9.244948,0.701935,1.635029,1.427335,9.322594,1.24507324
2015-11-18,3,1.066103,1.500339,1.085371,9.248705,0.699941,1.647739,1.419151,9.309239,1.23667948
2015-10-18,4,1.13554,1.563423,1.082528,9.213471,0.735631,1.668372,1.466331,9.362125,1.3172264
2015-11-11,5,1.075023,1.521541,1.079543,9.261798,0.706569,1.638513,1.425855,9.332024,1.24702668
2015-11-10,6,1.072342,1.525454,1.078565,9.250895,0.709176,1.641007,1.423642,9.317893,1.24391672
2015-11-13,7,1.077161,1.511176,1.083038,9.340971,0.70703,1.647126,1.434056,9.338317,1.24950676
2015-11-12,8,1.080899,1.516951,1.082382,9.362281,0.709703,1.652051,1.435912,9.338645,1.25384284
2015-11-15,9,1.07478,1.509579,1.081661,9.351577,0.705841,1.643216,1.43089,9.348106,1.2467448
2015-11-14,10,1.077124,1.511123,1.083011,9.348661,0.707006,1.647069,1.434609,9.335091,1.24946384
2015-11-17,11,1.064404,1.496543,1.078256,9.243307,0.699575,1.644054,1.417608,9.314343,1.23470864
2015-11-16,12,1.068508,1.506665,1.07797,9.291822,0.702883,1.647379,1.42437,9.323419,1.23946928
2014-09-19,13,1.283037,1.437445,1.206515,8.163134,0.787704,1.578343,1.406714,9.175612,1.48832292
2014-09-18,14,1.291768,1.438014,1.206888,8.191825,0.785807,1.583966,1.414333,9.16565,1.49845088
2014-09-15,15,1.293701,1.432695,1.209824,8.266911,0.797087,1.582085,1.431007,9.211797,1.50069316
2014-09-14,16,1.2966,1.439069,1.210157,8.256032,0.797393,1.592087,1.438007,9.258227,1.504056
2014-09-17,17,1.28431,1.435348,1.208247,8.268919,0.79004,1.588377,1.415513,9.201002,1.4897996
2014-09-16,18,1.295297,1.426531,1.209137,8.289093,0.796795,1.58151,1.424647,9.232173,1.50254452
2014-09-11,19,1.292263,1.41915,1.209356,8.236745,0.794834,1.577945,1.424616,9.208942,1.49902508
2014-09-10,20,1.292157,1.410491,1.209978,8.192965,0.797449,1.575241,1.415604,9.175847,1.49890212
2014-09-13,21,1.296277,1.434281,1.210392,8.250696,0.796895,1.591041,1.436991,9.242576,1.50368132
2014-09-12,22,1.296243,1.434299,1.210615,8.24538,0.796827,1.590991,1.435139,9.23577,1.50364188
2015-09-10,23,1.12871,1.594994,1.09954,9.238933,0.730921,1.789099,1.492881,9.450974,1.3093036
2015-09-11,24,1.133721,1.598655,1.100057,9.25647,0.734823,1.79465,1.503181,9.373789,1.31511636
2015-09-12,25,1.133721,1.598655,1.099709,9.249664,0.734823,1.79465,1.503303,9.356324,1.31511636
2015-09-13,26,1.135,1.60171,1.099358,9.242739,0.73494,1.795799,1.504513,9.343154,1.3166
2015-09-14,27,1.13124,1.585333,1.095763,9.264717,0.733481,1.786787,1.50011,9.337361,1.3122384
2015-09-15,28,1.127006,1.580112,1.096873,9.22218,0.734509,1.774812,1.493196,9.345482,1.30732696
2015-09-16,29,1.129112,1.569874,1.09598,9.211351,0.728661,1.776238,1.489395,9.322971,1.30976992
2015-09-17,30,1.141831,1.591884,1.099567,9.266056,0.73302,1.794414,1.505249,9.366165,1.32452396
2015-09-18,31,1.130589,1.57205,1.095331,9.222811,0.72781,1.76697,1.49424,9.320678,1.31148324
2016-05-16,32,1.131384,1.553296,1.10527,9.257973,0.785824,1.667589,1.46098,9.343212,1.31240544
2015-07-09,33,1.106817,1.484405,1.048966,9.006408,0.719913,1.638395,1.407006,9.375275,1.28390772
2015-07-08,34,1.10734,1.49064,1.047091,9.096808,0.720411,1.648224,1.409822,9.380127,1.2845144
2015-07-05,35,1.101937,1.471655,1.039007,8.855561,0.707976,1.648806,1.387573,9.360682,1.27824692
2015-07-04,36,1.111282,1.478037,1.045367,8.872822,0.713565,1.660449,1.39693,9.392379,1.28908712
2015-07-07,37,1.099898,1.476987,1.040905,8.959383,0.711522,1.651701,1.39663,9.359995,1.27588168
2015-07-06,38,1.105561,1.474772,1.041519,8.912415,0.70853,1.656269,1.396691,9.356223,1.28245076
2015-07-01,39,1.104913,1.445605,1.043878,8.750747,0.707751,1.643389,1.38743,9.235189,1.28169908
2015-07-03,40,1.111282,1.478037,1.046307,8.865317,0.713565,1.660449,1.397439,9.384521,1.28908712
2015-07-02,41,1.108786,1.452177,1.045222,8.808639,0.710335,1.648562,1.390328,9.344103,1.28619176
2015-12-14,42,1.099485,1.517985,1.078377,9.519542,0.725019,1.626779,1.509807,9.329909,1.2754026
2015-12-15,43,1.092913,1.518841,1.081862,9.492376,0.726843,1.614904,1.50121,9.297661,1.26777908
2015-12-16,44,1.090593,1.509896,1.07916,9.529143,0.727238,1.608638,1.501636,9.267439,1.26508788
2015-12-17,45,1.083388,1.521644,1.077103,9.479958,0.726854,1.619356,1.506391,9.260981,1.25673008
2015-12-10,46,1.094232,1.504826,1.081703,9.474025,0.721727,1.622232,1.490598,9.297704,1.26930912
2015-12-11,47,1.099365,1.529619,1.081149,9.543744,0.72274,1.63665,1.50822,9.33318,1.2752634
2015-12-12,48,1.099302,1.529532,1.081193,9.547933,0.722699,1.636556,1.510318,9.342674,1.27519032
2015-12-13,49,1.098547,1.528826,1.080532,9.534884,0.722482,1.636284,1.509309,9.347175,1.27431452
2016-03-15,50,1.110731,1.488447,1.095908,9.475813,0.78468,1.680765,1.480825,9.242836,1.28844796
2016-03-14,51,1.110335,1.478508,1.095302,9.396065,0.776406,1.665287,1.471953,9.270273,1.2879886
2016-03-17,52,1.131561,1.480658,1.098992,9.470428,0.781669,1.65638,1.477868,9.288388,1.31261076
2016-03-16,53,1.121295,1.485425,1.098955,9.497318,0.78697,1.663067,1.476438,9.259713,1.3007022
2016-03-11,54,1.114789,1.473795,1.098027,9.405492,0.775006,1.652702,1.474578,9.320214,1.29315524
2015-12-19,55,1.086727,1.514615,1.078766,9.503437,0.729684,1.61538,1.516265,9.298327,1.26060332
2016-03-13,56,1.116277,1.479079,1.096672,9.395057,0.776278,1.657211,1.477498,9.302377,1.29488132
2016-03-12,57,1.115039,1.474126,1.096063,9.397253,0.778385,1.653072,1.474515,9.306178,1.29344524
2016-05-13,58,1.130725,1.555575,1.101973,9.259723,0.787476,1.670552,1.460896,9.305531,1.311641
2013-03-12,59,1.302302,1.262387,1.234714,7.446436,0.874346,1.580325,1.337221,8.297069,1.51067032
2013-03-19,60,1.286327,1.240554,1.218175,7.502303,0.852074,1.559748,1.319802,8.315611,1.49213932
2015-06-11,61,1.124261,1.450507,1.0489,8.807737,0.724691,1.60224,1.382388,9.25277,1.30414276
2015-06-10,62,1.132209,1.463002,1.05442,8.802862,0.729885,1.604766,1.391434,9.362496,1.31336244
2015-06-13,63,1.126538,1.457087,1.046644,8.736302,0.723941,1.612295,1.387182,9.225264,1.30678408
2015-06-12,64,1.126538,1.457087,1.047156,8.736854,0.723941,1.612295,1.386911,9.233172,1.30678408
2015-06-15,65,1.127782,1.452986,1.048305,8.744348,0.722961,1.610178,1.389067,9.216302,1.30822712
2015-06-14,66,1.122175,1.450945,1.042729,8.720057,0.721117,1.606389,1.38207,9.201614,1.301723
2015-06-17,67,1.133577,1.465202,1.047473,8.708654,0.716172,1.633297,1.388891,9.208729,1.31494932
2015-06-16,68,1.124563,1.450663,1.048357,8.731398,0.718707,1.609586,1.383167,9.199165,1.30449308
2015-06-19,69,1.135276,1.460787,1.042111,8.763656,0.714975,1.643022,1.391384,9.209226,1.31692016
2015-06-18,70,1.137116,1.457002,1.04908,8.83878,0.71607,1.639408,1.391545,9.248349,1.31905456
2014-04-29,71,1.380979,1.490404,1.219406,8.299108,0.82097,1.615081,1.51452,9.064338,1.60193564
2014-04-24,72,1.383111,1.492948,1.219981,8.291762,0.823212,1.61506,1.525178,9.090959,1.60440876
2014-04-22,73,1.380741,1.474603,1.221439,8.270138,0.820676,1.60411,1.522496,9.100111,1.60165956
2014-04-21,74,1.379426,1.478355,1.22034,8.267413,0.821417,1.609384,1.519645,9.117021,1.60013416
2012-03-14,75,1.303066,1.246446,1.211054,7.558473,0.830525,1.608521,1.29203,8.893799,1.51155656
2016-01-23,76,1.079736,1.541834,1.095467,9.440022,0.756808,1.663407,1.527315,9.271721,1.25249376
2015-02-19,77,1.136566,1.458435,1.07685,8.610609,0.737278,1.511649,1.418433,9.560938,1.31841656
2015-02-18,78,1.140313,1.459384,1.071915,8.58653,0.738462,1.510804,1.419273,9.531354,1.32276308
2015-02-15,79,1.1397,1.46705,1.062217,8.641577,0.739606,1.524865,1.419195,9.589142,1.322052
2015-02-14,80,1.138846,1.466573,1.061278,8.65098,0.739533,1.527221,1.41866,9.595163,1.32106136
2015-02-17,81,1.14117,1.460019,1.067701,8.587746,0.743374,1.51342,1.415112,9.515887,1.3237572
2015-02-16,82,1.135007,1.461136,1.058079,8.599125,0.738934,1.515033,1.414694,9.557738,1.31660812
2015-02-11,83,1.133609,1.467473,1.051154,8.654182,0.743842,1.537614,1.427763,9.490498,1.31498644
2015-02-10,84,1.131635,1.456285,1.048478,8.584892,0.74182,1.529113,1.422556,9.437134,1.3126966
2015-02-13,85,1.138846,1.466573,1.061204,8.663403,0.739533,1.527221,1.420433,9.595414,1.32106136
2015-02-12,86,1.140227,1.474867,1.060425,8.707769,0.741256,1.536677,1.428957,9.606365,1.32266332
2014-07-02,87,1.365661,1.446691,1.213527,8.425563,0.795718,1.557034,1.456692,9.153451,1.58416676
2014-07-04,88,1.359466,1.451751,1.214904,8.414972,0.79227,1.555353,1.448307,9.285511,1.57698056
2014-07-06,89,1.35908,1.452192,1.215782,8.409401,0.792085,1.555137,1.447771,9.302901,1.5765328
2014-07-07,90,1.360659,1.452324,1.215787,8.391023,0.794138,1.556281,1.452796,9.299601,1.57836444
2014-07-08,91,1.361224,1.447781,1.216034,8.424519,0.794574,1.549097,1.452819,9.304366,1.57901984
2014-07-09,92,1.3641,1.449212,1.216123,8.399007,0.795116,1.546293,1.454019,9.277765,1.582356
2015-10-16,93,1.134901,1.561924,1.081784,9.199193,0.73503,1.665002,1.465414,9.340847,1.31648516
2015-10-17,94,1.134901,1.561924,1.082218,9.202554,0.73503,1.665002,1.465273,9.3582,1.31648516
2016-01-08,95,1.092495,1.571342,1.088539,9.710516,0.752457,1.66982,1.546701,9.295882,1.2672942
2016-01-09,96,1.09242,1.571234,1.087267,9.700879,0.752405,1.669705,1.546726,9.286075,1.2672072
2015-05-23,97,1.101228,1.406385,1.037867,8.405609,0.710979,1.506399,1.351204,9.225153,1.27742448
2014-08-09,98,1.34115,1.445734,1.214697,8.370399,0.799483,1.584836,1.470908,9.250193,1.555734
2014-08-08,99,1.341159,1.445794,1.215096,8.374195,0.799489,1.584838,1.47028,9.24871,1.55574444
2014-05-31,100,1.36334,1.464345,1.220958,8.14561,0.8136,1.604698,1.478469,9.111821,1.5814744
2016-05-19,101,1.120286,1.547807,1.103025,9.289864,0.770249,1.658382,1.459678,9.311924,1.29953176
2014-08-01,102,1.342868,1.442041,1.217291,8.418102,0.798287,1.577781,1.465615,9.218897,1.55772688
2014-08-02,103,1.342855,1.442013,1.217003,8.420845,0.798244,1.577785,1.466049,9.216687,1.5577118
2014-08-05,104,1.337188,1.437182,1.215278,8.396105,0.792093,1.582333,1.464637,9.205209,1.55113808
2014-08-04,105,1.342143,1.438211,1.216705,8.409882,0.795986,1.574314,1.464194,9.236118,1.55688588
2014-08-07,106,1.336021,1.441463,1.214545,8.353498,0.793696,1.57833,1.460886,9.225838,1.54978436
2014-08-06,107,1.338178,1.43147,1.214832,8.385073,0.79405,1.579373,1.46145,9.222744,1.55228648
2016-05-17,109,1.131085,1.547427,1.106786,9.267399,0.783685,1.664101,1.461444,9.33695,1.3120586
2014-10-28,110,1.273545,1.438523,1.206852,8.413172,0.789444,1.608233,1.42415,9.326258,1.4773122
2014-10-29,111,1.263743,1.436862,1.204654,8.441563,0.789094,1.617071,1.414388,9.296151,1.46594188
2014-10-26,112,1.267462,1.439689,1.206306,8.353395,0.787582,1.613593,1.424386,9.187846,1.47025592
2014-10-27,113,1.269746,1.443229,1.206418,8.373142,0.787903,1.610069,1.428216,9.254062,1.47290536
2014-10-24,114,1.267029,1.441154,1.206644,8.359091,0.787486,1.613115,1.423613,9.192395,1.46975364
2014-10-25,115,1.267039,1.440505,1.206385,8.355798,0.787518,1.613122,1.42323,9.189872,1.46976524
2014-10-22,116,1.264605,1.44157,1.203869,8.349126,0.788134,1.605655,1.421657,9.17946,1.4669418
2014-10-23,117,1.264993,1.443752,1.205861,8.320754,0.788904,1.616995,1.420223,9.180193,1.46739188
2014-10-20,118,1.279759,1.456216,1.207765,8.390773,0.791797,1.604632,1.444314,9.18832,1.48452044
2014-10-21,119,1.271137,1.449386,1.205624,8.348635,0.788995,1.596943,1.428414,9.187381,1.47451892
2014-11-14,120,1.252463,1.431438,1.202702,8.466034,0.799288,1.583437,1.414761,9.261394,1.45285708
2014-11-15,121,1.252405,1.43146,1.202396,8.464419,0.799321,1.583409,1.415357,9.261778,1.4527898
2014-11-17,122,1.245042,1.430106,1.19983,8.443434,0.796106,1.572245,1.406611,9.246503,1.44424872
2014-11-10,123,1.242372,1.440802,1.20221,8.464268,0.784108,1.602509,1.412221,9.227635,1.44115152
2014-11-11,124,1.24727,1.435236,1.203425,8.476311,0.783501,1.597863,1.414135,9.21967,1.4468332
2014-11-12,125,1.243416,1.426952,1.20229,8.467764,0.788469,1.579183,1.408649,9.240604,1.44236256
2014-11-13,126,1.247611,1.432086,1.202535,8.471909,0.794319,1.584926,1.417836,9.262432,1.44722876
2015-08-31,127,1.121662,1.576939,1.083048,9.281047,0.730747,1.764542,1.4754,9.496144,1.30112792
2015-08-30,128,1.119064,1.567542,1.076965,9.27846,0.726087,1.736746,1.479586,9.467232,1.29811424
2014-11-18,129,1.253263,1.437749,1.201854,8.445348,0.801981,1.582137,1.416265,9.250269,1.45378508
2014-11-19,130,1.255086,1.456249,1.202422,8.514126,0.800235,1.59784,1.422011,9.276829,1.45589976
2014-08-19,131,1.33201,1.432046,1.209961,8.204902,0.801526,1.580886,1.455693,9.145639,1.5451316
2016-05-11,132,1.142416,1.54978,1.109945,9.333154,0.79104,1.675605,1.470945,9.299351,1.32520256
2015-05-26,133,1.088501,1.406158,1.035046,8.412926,0.707242,1.503359,1.349863,9.207774,1.26266116
2014-12-19,134,1.222918,1.501793,1.201778,9.007742,0.782624,1.57788,1.419303,9.444713,1.41858488
2014-12-18,135,1.228611,1.504476,1.199944,9.099995,0.784145,1.582041,1.424611,9.434885,1.42518876
2014-12-11,136,1.240612,1.500201,1.201764,9.016513,0.788586,1.587518,1.427888,9.332307,1.43910992
2014-12-10,137,1.244662,1.4963,1.204907,8.911836,0.792034,1.593296,1.42837,9.372468,1.44380792
2014-12-13,138,1.246244,1.511328,1.201835,9.169139,0.792925,1.602432,1.442405,9.408359,1.44564304
2014-12-12,139,1.246244,1.511328,1.201943,9.137563,0.792925,1.602432,1.440922,9.404975,1.44564304
2014-12-15,140,1.244063,1.51467,1.200553,9.260442,0.795391,1.606698,1.448879,9.476046,1.44311308
2014-12-14,141,1.246852,1.511658,1.201322,9.178463,0.793185,1.60208,1.44369,9.405793,1.44634832
2014-12-17,142,1.233637,1.518022,1.198132,9.165821,0.79217,1.602309,1.436539,9.449687,1.43101892
2014-12-16,143,1.25117,1.522011,1.202334,9.302672,0.794447,1.606014,1.453913,9.520054,1.4513572
2015-04-30,144,1.121335,1.419033,1.050437,8.475738,0.730442,1.474551,1.352925,9.377273,1.3007486
2014-08-16,145,1.339974,1.437396,1.210202,8.224975,0.802685,1.578508,1.460211,9.160766,1.55436984
2016-04-03,146,1.13924,1.48458,1.092269,9.473058,0.80125,1.65311,1.484583,9.261932,1.3215184
2016-04-02,147,1.139338,1.483024,1.091997,9.469859,0.800663,1.650157,1.482883,9.267333,1.32163208
2016-04-01,148,1.139338,1.483024,1.092606,9.471304,0.800663,1.650157,1.481475,9.268947,1.32163208
2016-04-07,149,1.13732,1.515073,1.087811,9.470979,0.809244,1.677977,1.495289,9.28359,1.3192912
2016-04-06,150,1.139632,1.499177,1.090059,9.485113,0.80677,1.66951,1.493184,9.285525,1.32197312
2016-04-05,151,1.138292,1.508896,1.089151,9.484105,0.804008,1.673228,1.493686,9.254595,1.32041872
2016-04-04,152,1.138988,1.497912,1.092063,9.485407,0.798472,1.674074,1.487857,9.25926,1.32122608
2016-04-09,153,1.139861,1.509371,1.087452,9.400719,0.806954,1.674371,1.482241,9.301182,1.32223876
2016-04-08,154,1.139861,1.509342,1.087381,9.407757,0.806954,1.674143,1.483016,9.298758,1.32223876
2014-10-18,155,1.275974,1.458969,1.206791,8.351623,0.792911,1.611292,1.438311,9.156528,1.48012984
2015-03-09,156,1.08494,1.409103,1.069694,8.601254,0.717302,1.475869,1.368314,9.201764,1.2585304
2015-03-08,157,1.082975,1.404715,1.068311,8.562304,0.720014,1.470639,1.366414,9.178474,1.256251
2014-08-25,158,1.318887,1.419421,1.207439,8.145451,0.795959,1.583499,1.447988,9.147944,1.52990892
2015-03-01,159,1.118303,1.432837,1.06679,8.57025,0.725035,1.47976,1.398606,9.333671,1.29723148
2015-03-03,160,1.117847,1.430398,1.073254,8.613321,0.727718,1.480682,1.396783,9.265169,1.29670252
2015-03-02,161,1.118266,1.440735,1.070386,8.599916,0.727856,1.48937,1.401375,9.322678,1.29718856
2015-03-05,162,1.103152,1.41777,1.071602,8.521927,0.723415,1.473384,1.377263,9.192383,1.27965632
2015-03-04,163,1.108107,1.417099,1.066461,8.600829,0.725864,1.460589,1.378661,9.222701,1.28540412
2015-03-07,164,1.084352,1.405103,1.066945,8.547751,0.721059,1.47245,1.366601,9.162342,1.25784832
2015-03-06,165,1.084352,1.405103,1.064896,8.543851,0.721059,1.47245,1.365045,9.151322,1.25784832
2015-05-03,166,1.119049,1.428573,1.044221,8.512393,0.738265,1.486562,1.36092,9.406756,1.29809684
2015-05-02,167,1.119955,1.426388,1.044294,8.503801,0.739719,1.48567,1.360853,9.396177,1.2991478
2015-05-01,168,1.119955,1.426388,1.045626,8.497053,0.739719,1.48567,1.359333,9.392933,1.2991478
2015-05-07,169,1.124418,1.421708,1.037141,8.402253,0.730095,1.509382,1.360049,9.310678,1.30432488
2015-05-06,170,1.13427,1.422861,1.042895,8.464925,0.744119,1.513871,1.366578,9.363462,1.3157532
2015-05-05,171,1.118314,1.409874,1.038376,8.481836,0.737017,1.485065,1.351904,9.34491,1.29724424
2015-05-04,172,1.114832,1.422119,1.040915,8.464153,0.737385,1.478796,1.34976,9.341148,1.29320512
2015-05-09,173,1.12109,1.412348,1.042174,8.383648,0.725651,1.496654,1.354124,9.25839,1.3004644
2015-05-08,174,1.121074,1.412328,1.040271,8.372089,0.725641,1.496632,1.35364,9.250628,1.30044584
2015-08-28,175,1.118307,1.559044,1.075545,9.277862,0.72651,1.730139,1.477485,9.464857,1.29723612
2015-01-18,176,1.156301,1.405239,0.994325,8.741404,0.764292,1.485353,1.385032,9.359996,1.34130916
2014-04-17,177,1.38124,1.480492,1.21892,8.26467,0.822566,1.611145,1.520301,9.114633,1.6022384
2015-08-29,178,1.118292,1.559023,1.076963,9.268102,0.7265,1.730116,1.476679,9.459704,1.29721872
2014-04-10,179,1.388569,1.47565,1.218648,8.243126,0.827501,1.602021,1.517678,9.067546,1.61074004
2014-04-11,180,1.388501,1.47785,1.216946,8.239921,0.829832,1.598677,1.522325,9.061663,1.61066116
2015-01-10,181,1.184239,1.443653,1.201764,9.067624,0.781142,1.511603,1.40465,9.539128,1.37371724
2015-01-11,182,1.185775,1.442988,1.201113,9.07415,0.780901,1.510947,1.405942,9.540533,1.375499
2015-01-12,183,1.183253,1.45081,1.2009,9.145902,0.779916,1.521184,1.414092,9.552585,1.37257348
2015-01-13,184,1.177559,1.442137,1.199767,9.110863,0.776709,1.521897,1.406044,9.498216,1.36596844
2015-01-14,185,1.179087,1.446013,1.200549,9.013815,0.77397,1.527396,1.409974,9.521084,1.36774092
2015-01-15,186,1.162712,1.418694,1.185185,8.857092,0.765895,1.48936,1.391243,9.412836,1.34874592
2015-01-16,187,1.156852,1.406126,0.993725,8.764295,0.763357,1.485208,1.384908,9.376091,1.34194832
2015-01-17,188,1.156539,1.405561,0.994691,8.754555,0.763371,1.484806,1.385356,9.370689,1.34158524
2015-01-03,189,1.200081,1.483322,1.201232,9.095525,0.782877,1.558561,1.411571,9.50216,1.39209396
2016-02-18,190,1.110854,1.552642,1.102554,9.547148,0.774939,1.673021,1.527078,9.392534,1.28859064
2015-01-02,191,1.204589,1.479358,1.201282,9.038443,0.776116,1.553436,1.402523,9.434778,1.39732324
2015-08-22,192,1.138915,1.555388,1.079727,9.337907,0.725647,1.703533,1.500224,9.536365,1.3211414
2014-10-03,193,1.251414,1.442476,1.207631,8.145751,0.783602,1.611194,1.404512,9.087936,1.45164024
2015-08-23,194,1.138768,1.562543,1.077662,9.335685,0.725776,1.709245,1.502144,9.519037,1.32097088
2014-06-20,195,1.359876,1.448497,1.216918,8.305809,0.799284,1.563391,1.464788,9.114817,1.57745616
2014-06-23,196,1.360267,1.443312,1.216656,8.313808,0.798764,1.560301,1.460443,9.116238,1.57790972
2014-06-25,197,1.363029,1.449898,1.217276,8.351796,0.802553,1.561407,1.461638,9.170144,1.58111364
2014-06-24,198,1.360489,1.452066,1.216597,8.31925,0.800996,1.568487,1.461588,9.147406,1.57816724
2014-06-27,199,1.36486,1.447906,1.21653,8.364494,0.801218,1.554957,1.456903,9.191084,1.5832376
2014-06-26,200,1.361237,1.445953,1.216234,8.348527,0.799438,1.549888,1.45676,9.16881,1.57903492
2016-02-12,201,1.12557,1.583678,1.098711,9.647917,0.776033,1.697848,1.561087,9.455,1.3056612
2015-11-28,202,1.059416,1.472741,1.090435,9.217576,0.7047,1.621325,1.415896,9.254559,1.22892256
2015-11-29,203,1.059071,1.472908,1.090853,9.217408,0.704321,1.621114,1.416146,9.252476,1.22852236
2016-02-13,204,1.125582,1.583695,1.099399,9.654884,0.776042,1.697867,1.560043,9.458494,1.30567512
2015-11-24,205,1.064713,1.466092,1.083253,9.206904,0.705802,1.623724,1.418157,9.259243,1.23506708
2015-11-25,206,1.061962,1.46416,1.084174,9.181834,0.702045,1.614054,1.412837,9.267602,1.23187592
2015-11-26,207,1.060688,1.469254,1.084799,9.187816,0.702386,1.615521,1.41018,9.265014,1.23039808
2015-11-27,208,1.059416,1.472644,1.089673,9.211975,0.704688,1.621325,1.415286,9.254423,1.22892256
2015-11-20,209,1.064713,1.471213,1.083811,9.196959,0.700867,1.622238,1.419684,9.276009,1.23506708
2015-11-21,210,1.064713,1.471213,1.083487,9.192105,0.700867,1.622238,1.420351,9.276014,1.23506708
2015-11-22,211,1.064453,1.472432,1.084838,9.192893,0.70088,1.622293,1.420443,9.286638,1.23476548
2015-11-23,212,1.063521,1.478401,1.08309,9.197325,0.703206,1.631497,1.420686,9.273638,1.23368436
2014-09-20,213,1.283007,1.437427,1.206139,8.149951,0.787637,1.578291,1.405909,9.169397,1.48828812
2014-09-21,214,1.283488,1.43654,1.207242,8.160608,0.787279,1.575565,1.40632,9.175752,1.48884608
2014-09-22,215,1.28488,1.447597,1.207998,8.157971,0.785154,1.583878,1.416224,9.190049,1.4904608
2014-05-09,216,1.375891,1.469691,1.216817,8.127839,0.816475,1.597346,1.498894,9.024037,1.59603356
2014-09-24,217,1.277898,1.439524,1.20693,8.158715,0.782387,1.582881,1.413413,9.170198,1.48236168
2014-09-25,218,1.275439,1.450082,1.206084,8.151184,0.78144,1.606703,1.416242,9.177854,1.47950924
2014-09-26,219,1.268382,1.447018,1.20579,8.176883,0.780689,1.612627,1.413296,9.200446,1.47132312
2014-05-02,220,1.387168,1.495151,1.218351,8.236729,0.822051,1.605267,1.522004,9.025428,1.60911488
2014-09-29,221,1.268931,1.455394,1.207068,8.180498,0.781266,1.632759,1.415944,9.189516,1.47195996
2014-05-01,222,1.386913,1.496024,1.220272,8.253831,0.821145,1.607096,1.520288,9.03377,1.60881908
2014-05-06,223,1.392717,1.490043,1.218592,8.256401,0.820463,1.598675,1.519215,9.058922,1.61555172
2014-05-07,224,1.391103,1.491947,1.218754,8.227895,0.820517,1.608449,1.516963,9.049547,1.61367948
2015-09-07,225,1.116988,1.610906,1.088525,9.29555,0.731282,1.782482,1.48525,9.439251,1.29570608
2015-09-06,226,1.114409,1.609761,1.083345,9.259075,0.733847,1.770377,1.478693,9.407248,1.29271444
2015-09-05,227,1.114925,1.613391,1.083988,9.259105,0.734925,1.775214,1.479304,9.407685,1.293313
2015-09-04,228,1.114925,1.613391,1.083498,9.254413,0.734925,1.775214,1.479731,9.403431,1.293313
2015-09-03,229,1.111971,1.584627,1.080451,9.200423,0.729022,1.741907,1.467635,9.359858,1.28988636
2015-09-02,230,1.121833,1.591164,1.086341,9.266365,0.732897,1.762476,1.485828,9.464985,1.30132628
2015-09-01,231,1.130228,1.609799,1.08546,9.379507,0.738489,1.78417,1.49714,9.532847,1.31106448
2015-10-30,232,1.100585,1.541961,1.08816,9.35764,0.713348,1.624387,1.442228,9.397684,1.2766786
2015-10-31,233,1.100634,1.54207,1.087401,9.351202,0.713012,1.623403,1.441044,9.398108,1.27673544
2015-09-09,234,1.121558,1.606611,1.093791,9.228656,0.73019,1.783525,1.488831,9.425398,1.30100728
2015-09-08,235,1.120599,1.594101,1.095409,9.242448,0.727859,1.763503,1.481852,9.425835,1.29989484
2015-07-30,236,1.093294,1.499589,1.05807,8.926643,0.700917,1.653768,1.420187,9.420643,1.26822104
2015-07-31,237,1.099087,1.504512,1.062934,8.984766,0.703587,1.667188,1.43628,9.483699,1.27494092
2015-12-09,238,1.102075,1.523863,1.086877,9.564396,0.725974,1.63597,1.494689,9.292556,1.278407
2015-12-08,239,1.089523,1.508421,1.082808,9.516368,0.725714,1.636495,1.47649,9.271457,1.26384668
2015-12-03,240,1.092952,1.489783,1.092972,9.317538,0.721882,1.636284,1.45947,9.321141,1.26782432
2015-12-02,241,1.061021,1.453018,1.082955,9.189159,0.709804,1.597964,1.416433,9.213113,1.23078436
2015-12-01,242,1.062855,1.451079,1.091315,9.188022,0.704882,1.592483,1.419966,9.240461,1.2329118
2015-12-07,243,1.08338,1.491373,1.082934,9.350303,0.719682,1.63059,1.460083,9.243684,1.2567208
2015-12-06,244,1.087801,1.482171,1.084647,9.270621,0.720205,1.613611,1.454125,9.236724,1.26184916
2015-12-05,245,1.088108,1.482613,1.084325,9.258914,0.720042,1.612435,1.453792,9.234237,1.26220528
2015-12-04,246,1.088108,1.482565,1.088226,9.281184,0.720042,1.612435,1.453524,9.262454,1.26220528
2016-03-20,247,1.127298,1.483769,1.092834,9.446404,0.77937,1.658972,1.468085,9.277178,1.30766568
2016-03-21,248,1.12416,1.48274,1.090883,9.448552,0.782229,1.660725,1.469934,9.252987,1.3040256
2016-03-22,249,1.12166,1.472271,1.090353,9.419134,0.789094,1.661713,1.46329,9.224201,1.3011256
2016-03-23,250,1.118369,1.484749,1.089663,9.466718,0.792137,1.66579,1.474316,9.236464,1.29730804
2016-03-24,251,1.117851,1.485387,1.09031,9.471427,0.790069,1.668926,1.477425,9.26203,1.29670716
2016-03-25,252,1.116665,1.487158,1.091358,9.501969,0.790034,1.670112,1.481183,9.269219,1.2953314
2016-03-26,253,1.116677,1.487175,1.091671,9.500789,0.790042,1.67013,1.481378,9.273101,1.29534532
2016-03-27,254,1.116237,1.486684,1.091799,9.470004,0.78995,1.669682,1.481231,9.297673,1.29483492
2016-03-28,255,1.119749,1.484254,1.091396,9.452951,0.785392,1.664547,1.477993,9.301934,1.29890884
2016-03-29,256,1.128922,1.478846,1.093462,9.49045,0.784657,1.646229,1.478884,9.27761,1.30954952
2016-03-18,257,1.127036,1.48203,1.093287,9.447335,0.778508,1.658509,1.466767,9.270195,1.30736176
2014-07-28,258,1.343811,1.428817,1.215152,8.366808,0.791322,1.572853,1.451814,9.182533,1.55882076
2016-02-24,259,1.101622,1.53137,1.090682,9.536595,0.790697,1.654724,1.510196,9.35194,1.27788152
2016-04-30,260,1.144925,1.505162,1.099436,9.230039,0.783618,1.640269,1.436891,9.201518,1.328113
2014-07-24,261,1.346272,1.429505,1.21509,8.347,0.792548,1.570208,1.44611,9.197897,1.56167552
2013-03-05,262,1.305006,1.273074,1.228667,7.447489,0.861758,1.571373,1.340787,8.343125,1.51380696
2013-03-02,263,1.302158,1.276429,1.227376,7.488462,0.866108,1.578894,1.338114,8.381523,1.51050328
2015-12-18,264,1.086764,1.514666,1.078891,9.505433,0.729709,1.615434,1.51435,9.298254,1.26064624
2013-03-08,265,1.300343,1.268686,1.234393,7.434757,0.871483,1.582395,1.33809,8.319834,1.50839788
2015-06-24,266,1.120416,1.454416,1.045294,8.77377,0.713394,1.627181,1.38681,9.224312,1.29968256
2015-06-25,267,1.120183,1.447928,1.048391,8.755937,0.711461,1.626311,1.381634,9.240615,1.29941228
2015-06-26,268,1.116848,1.458822,1.042929,8.75016,0.709205,1.631697,1.377055,9.25721,1.29554368
2015-06-27,269,1.116848,1.458822,1.042744,8.749364,0.709205,1.631697,1.376475,9.26497,1.29554368
2015-06-20,270,1.135276,1.460787,1.042453,8.781323,0.714975,1.643022,1.39222,9.216842,1.31692016
2015-06-21,271,1.136112,1.462711,1.042833,8.783401,0.715732,1.646124,1.394159,9.224652,1.31788992
2015-06-22,272,1.134088,1.467279,1.044301,8.777449,0.716707,1.652002,1.395588,9.230938,1.31554208
2015-06-23,273,1.116788,1.443253,1.039854,8.719195,0.710009,1.627695,1.375538,9.194262,1.29547408
2015-06-28,274,1.099226,1.442487,1.030726,8.685703,0.700129,1.612148,1.356902,9.209327,1.27510216
2015-06-29,275,1.122075,1.461947,1.040169,8.822733,0.713329,1.640882,1.38984,9.259232,1.301607
2012-11-14,276,1.273635,1.225823,1.204208,7.329169,0.803537,1.569738,1.276464,8.635814,1.4774166
2015-02-20,277,1.137948,1.450693,1.068883,8.573771,0.738968,1.51209,1.424836,9.536806,1.32001968
2015-02-21,278,1.138098,1.451024,1.069787,8.581406,0.73906,1.51229,1.425361,9.545564,1.32019368
2015-02-22,279,1.138532,1.451867,1.070379,8.574757,0.739768,1.512638,1.426673,9.539966,1.32069712
2015-02-23,280,1.133594,1.453075,1.074359,8.612205,0.733438,1.506486,1.424327,9.528206,1.31496904
2015-02-24,281,1.133795,1.448543,1.076866,8.599522,0.733739,1.514205,1.418295,9.534482,1.3152022
2015-02-25,282,1.136334,1.441182,1.077922,8.587527,0.731766,1.503025,1.416849,9.446714,1.31814744
2015-02-26,283,1.11955,1.435502,1.065615,8.557422,0.72662,1.487108,1.399703,9.400157,1.298678
2015-02-27,284,1.119497,1.433514,1.067131,8.566999,0.725259,1.480291,1.399267,9.33081,1.29861652
2015-02-28,285,1.119635,1.433546,1.06746,8.585392,0.725348,1.480474,1.400415,9.341221,1.2987766
2014-07-17,286,1.35242,1.447688,1.213816,8.396837,0.79127,1.561675,1.455495,9.239299,1.5688072
2014-07-16,287,1.35257,1.444365,1.213584,8.382749,0.789225,1.552168,1.452677,9.229554,1.5689812
2014-07-15,288,1.356828,1.447874,1.214377,8.418515,0.791527,1.551027,1.458731,9.245871,1.57392048
2014-07-14,289,1.362097,1.449989,1.214835,8.417725,0.797125,1.546476,1.45979,9.250265,1.58003252
2014-07-12,290,1.360763,1.448978,1.214164,8.40746,0.794785,1.544051,1.458792,9.240577,1.57848508
2014-07-11,291,1.360724,1.448949,1.213879,8.403946,0.794808,1.544089,1.458465,9.240566,1.57843984
2014-07-10,292,1.360729,1.449026,1.214519,8.397737,0.794333,1.543513,1.449909,9.231724,1.57844564
2014-04-03,293,1.371723,1.486019,1.220531,8.228196,0.826528,1.605324,1.513972,8.953826,1.59119868
2014-07-18,294,1.352464,1.439808,1.214881,8.374151,0.791507,1.556655,1.452084,9.247382,1.56885824
2016-05-08,295,1.139971,1.54623,1.10854,9.349715,0.790354,1.666613,1.473098,9.283806,1.32236636
2016-01-31,296,1.083046,1.530541,1.10823,9.405895,0.760521,1.67195,1.514084,9.297819,1.25633336
2016-01-30,297,1.083075,1.528807,1.107115,9.39541,0.760319,1.670804,1.515119,9.284908,1.256367
2016-05-01,298,1.145664,1.505703,1.098952,9.23003,0.785049,1.639644,1.438242,9.19688,1.32897024
2016-05-02,299,1.152719,1.503524,1.101706,9.252147,0.785944,1.640261,1.444758,9.195113,1.33715404
2015-05-31,300,1.097384,1.436392,1.03208,8.530266,0.717989,1.547415,1.366958,9.362579,1.27296544
2016-05-04,301,1.148835,1.539541,1.098646,9.342377,0.792278,1.668106,1.47115,9.245961,1.3326486
2016-05-07,302,1.140467,1.548078,1.108409,9.355186,0.790365,1.667716,1.471692,9.278293,1.32294172
2014-04-02,303,1.376595,1.488797,1.220254,8.23201,0.828011,1.605837,1.518687,8.923511,1.5968502
2014-08-30,304,1.313367,1.406463,1.205435,8.136107,0.791257,1.57086,1.42806,9.176312,1.52350572
2014-08-31,305,1.31331,1.407125,1.206643,8.136639,0.791607,1.571327,1.428203,9.180752,1.5234396
2014-09-23,306,1.284812,1.451772,1.207486,8.160821,0.783922,1.591658,1.420619,9.182838,1.49038192
2014-10-31,307,1.252502,1.423567,1.204586,8.446491,0.782968,1.607877,1.408928,9.254883,1.45290232
2014-10-30,308,1.261114,1.427994,1.203647,8.437212,0.788169,1.609079,1.410624,9.25628,1.46289224
2014-11-09,309,1.246395,1.441662,1.203226,8.48396,0.784836,1.604541,1.411784,9.22467,1.4458182
2015-08-08,310,1.096682,1.478185,1.078359,9.071567,0.707821,1.656006,1.440009,9.61242,1.27215112
2015-01-31,311,1.128705,1.453114,1.039377,8.740482,0.749467,1.555171,1.435403,9.349602,1.3092978
2015-08-04,312,1.088971,1.475987,1.062616,9.004876,0.699658,1.665444,1.435175,9.463651,1.26320636
2015-08-05,313,1.09015,1.482774,1.0656,8.999713,0.698775,1.673143,1.435928,9.474954,1.264574
2015-08-06,314,1.092626,1.487688,1.071284,9.042246,0.704323,1.668191,1.434073,9.544744,1.26744616
2015-08-07,315,1.096682,1.478185,1.077968,9.070069,0.707821,1.656006,1.440892,9.604253,1.27215112
2015-08-01,316,1.099087,1.504539,1.061935,8.984453,0.703587,1.667188,1.43727,9.476181,1.27494092
2015-08-02,317,1.097491,1.5013,1.060911,8.973577,0.702395,1.665119,1.436269,9.472175,1.27308956
2015-08-03,318,1.095422,1.505763,1.060947,9.017379,0.70271,1.668078,1.439331,9.470729,1.27068952
2014-12-29,319,1.215897,1.49434,1.202669,9.07429,0.783426,1.561841,1.415346,9.542092,1.41044052
2014-12-24,320,1.219984,1.504196,1.202356,9.082316,0.784321,1.578885,1.418247,9.524964,1.41518144
2014-12-25,321,1.222288,1.505571,1.203205,9.09474,0.785305,1.579439,1.420027,9.511666,1.41785408
2014-12-26,322,1.218738,1.500388,1.203197,9.094915,0.783315,1.570421,1.417198,9.556236,1.41373608
2014-12-20,323,1.222938,1.501835,1.202799,9.001017,0.782668,1.577905,1.418712,9.45359,1.41860808
2014-12-21,324,1.222253,1.501638,1.203016,9.011583,0.782181,1.578381,1.418536,9.462825,1.41781348
2014-12-22,325,1.22288,1.504659,1.203393,9.066126,0.784575,1.582465,1.421988,9.517612,1.4185408
2014-12-23,326,1.217241,1.501973,1.201248,9.036727,0.784401,1.57811,1.414568,9.485386,1.41199956
2015-05-30,327,1.096929,1.434981,1.032167,8.527133,0.717298,1.543327,1.365853,9.342975,1.27243764
2015-09-30,328,1.117157,1.595227,1.087736,9.51782,0.738616,1.748028,1.490538,9.366071,1.29590212
2016-05-03,329,1.149982,1.534309,1.097955,9.319145,0.790722,1.65996,1.45777,9.249365,1.33397912
2015-09-20,330,1.129075,1.569549,1.094053,9.217007,0.727155,1.764859,1.492793,9.324434,1.309727
2015-12-30,331,1.092567,1.501205,1.080355,9.587724,0.737682,1.597647,1.516299,9.179252,1.26737772
2015-12-31,332,1.085822,1.491844,1.085355,9.595336,0.736847,1.587063,1.506202,9.158241,1.25955352
2014-11-03,333,1.248714,1.437454,1.204825,8.479364,0.781694,1.615301,1.415768,9.260112,1.44850824
2014-11-02,334,1.251405,1.427426,1.205829,8.454297,0.783088,1.608688,1.410907,9.254265,1.4516298
2014-11-01,335,1.252477,1.423539,1.20502,8.450183,0.782946,1.607694,1.409755,9.260091,1.45287332
2014-11-07,336,1.245501,1.442442,1.20282,8.503958,0.784796,1.606436,1.41284,9.223767,1.44478116
2014-11-06,337,1.237748,1.445765,1.201581,8.497458,0.781738,1.60892,1.413873,9.187302,1.43578768
2014-11-05,338,1.248117,1.454396,1.203267,8.525053,0.781739,1.617473,1.421508,9.205911,1.44781572
2014-11-04,339,1.25491,1.434534,1.205825,8.586478,0.784164,1.602724,1.428397,9.267366,1.4556956
2014-09-28,340,1.267419,1.448052,1.206664,8.188774,0.780418,1.61188,1.414365,9.214831,1.47020604
2016-01-04,341,1.083089,1.507827,1.084913,9.611545,0.736031,1.605383,1.507564,9.192846,1.25638324
2016-01-05,342,1.075236,1.501191,1.082507,9.565098,0.73258,1.60404,1.50215,9.20661,1.24727376
2016-01-06,343,1.077923,1.524832,1.085694,9.644418,0.736759,1.623928,1.514646,9.248253,1.25039068
2016-01-07,344,1.092459,1.55709,1.089427,9.721597,0.747189,1.64852,1.54069,9.282139,1.26725244
2016-01-01,345,1.085822,1.491844,1.085355,9.595336,0.736847,1.587063,1.506202,9.158241,1.25955352
2016-01-02,346,1.085939,1.488328,1.087203,9.604919,0.735714,1.585464,1.503538,9.181855,1.25968924
2016-01-03,347,1.086615,1.490906,1.086826,9.602446,0.737241,1.587348,1.503996,9.179388,1.2604734
2015-03-30,348,1.082811,1.414293,1.04621,8.671378,0.731317,1.444708,1.371748,9.313938,1.25606076
2015-03-31,349,1.073904,1.409869,1.042036,8.640823,0.724248,1.438489,1.360729,9.260048,1.24572864
2015-04-08,350,1.07843,1.402603,1.041001,8.67576,0.724989,1.427705,1.351329,9.342449,1.2509788
2015-04-09,351,1.066405,1.385391,1.038932,8.625036,0.724719,1.410244,1.339839,9.3202,1.2370298
2015-08-09,352,1.096565,1.479584,1.078371,9.062096,0.70778,1.65863,1.440388,9.609707,1.2720154
2015-04-01,353,1.077084,1.416632,1.041776,8.64853,0.726239,1.445185,1.360687,9.317565,1.24941744
2015-04-02,354,1.087755,1.433903,1.04618,8.706737,0.733305,1.448629,1.368637,9.384682,1.2617958
2015-04-03,355,1.09517,1.434588,1.044605,8.721129,0.734099,1.442464,1.370011,9.401242,1.2703972
2015-04-04,356,1.09517,1.434588,1.043371,8.715317,0.734099,1.442464,1.368424,9.392589,1.2703972
2015-04-05,357,1.099658,1.441412,1.04671,8.71125,0.737247,1.448038,1.372351,9.385966,1.27560328
2015-04-06,358,1.093546,1.438865,1.046049,8.68449,0.734279,1.449081,1.364364,9.3595,1.26851336
2015-04-07,359,1.082195,1.415999,1.042298,8.712518,0.730216,1.442064,1.352272,9.357935,1.2553462
2014-04-05,360,1.370334,1.474914,1.222463,8.222556,0.826712,1.593929,1.505574,8.981474,1.58958744
2014-04-04,361,1.370336,1.475138,1.221359,8.219202,0.826676,1.593941,1.506073,8.970275,1.58958976
2015-01-09,362,1.18414,1.443395,1.201703,9.073765,0.781059,1.511446,1.403964,9.528696,1.3736024
2015-01-08,363,1.179073,1.452838,1.199813,9.020047,0.781701,1.508795,1.395603,9.450187,1.36772468
2015-01-07,364,1.183793,1.465723,1.199251,9.112785,0.783456,1.521217,1.398106,9.42303,1.37319988
2015-01-06,365,1.187562,1.470402,1.199835,9.175836,0.784316,1.531507,1.404896,9.419087,1.37757192
2015-01-05,366,1.193346,1.475718,1.200314,9.105298,0.782438,1.552161,1.404094,9.46205,1.38428136
2015-01-04,367,1.193658,1.476474,1.20097,9.101476,0.782042,1.553248,1.409961,9.498904,1.38464328
2014-04-09,368,1.385498,1.477117,1.220434,8.235025,0.825042,1.590053,1.509557,8.989418,1.60717768
2014-04-08,369,1.379487,1.475144,1.220801,8.250336,0.823623,1.591248,1.508675,8.975045,1.60020492
2015-01-01,370,1.2046,1.479147,1.201316,9.036507,0.775885,1.553273,1.402813,9.432315,1.397336
2014-04-16,371,1.381622,1.4748,1.217922,8.253464,0.822558,1.601782,1.52099,9.116346,1.60268152
2015-01-19,372,1.160595,1.414659,1.015386,8.832711,0.768247,1.493072,1.387129,9.437223,1.3462902
2013-05-23,373,1.29231,1.328834,1.252387,7.527752,0.855935,1.592842,1.332851,8.588924,1.4990796
2016-02-23,374,1.101964,1.531723,1.093356,9.476513,0.785746,1.659899,1.518443,9.349201,1.27827824
2016-02-22,375,1.102884,1.525383,1.100066,9.478117,0.779194,1.644944,1.512691,9.360765,1.27934544
2016-02-21,376,1.112199,1.556541,1.101247,9.532394,0.777918,1.675881,1.532589,9.404863,1.29015084
2016-02-20,377,1.113074,1.556912,1.102612,9.530999,0.772672,1.678105,1.532379,9.403593,1.29116584
2016-02-27,378,1.093244,1.534109,1.088793,9.486577,0.788032,1.648799,1.477828,9.351709,1.26816304
2016-02-26,379,1.093244,1.533963,1.088347,9.491204,0.78811,1.648799,1.480632,9.348677,1.26816304
2016-02-25,380,1.102368,1.524445,1.091955,9.513309,0.789622,1.639252,1.498122,9.372495,1.27874688
2014-07-29,381,1.341047,1.428849,1.215471,8.373685,0.79144,1.575561,1.454081,9.181739,1.55561452
2014-07-26,382,1.342994,1.42928,1.214784,8.349803,0.791117,1.569932,1.451082,9.158526,1.55787304
2016-02-29,383,1.087994,1.523671,1.085628,9.459573,0.781493,1.649359,1.472398,9.313842,1.26207304
2014-07-25,384,1.343117,1.429452,1.214717,8.349397,0.791214,1.570075,1.450367,9.164338,1.55801572
2014-07-22,385,1.346693,1.433745,1.213932,8.338509,0.789077,1.553185,1.446245,9.221495,1.56216388
2014-07-23,386,1.346009,1.426164,1.214118,8.344288,0.790014,1.563592,1.444588,9.210986,1.56137044
2014-07-20,387,1.359298,1.452366,1.217024,8.349405,0.800959,1.56924,1.467136,9.294946,1.57678568
2014-07-21,388,1.352322,1.443332,1.214607,8.378672,0.79206,1.556882,1.452172,9.260024,1.56869352
2014-06-17,389,1.354696,1.450843,1.218217,8.125725,0.798654,1.564908,1.471228,8.993363,1.57144736
2014-06-10,390,1.35456,1.445466,1.21699,8.093732,0.808498,1.588739,1.477464,9.056993,1.5712896
2014-06-11,391,1.35333,1.442808,1.217414,8.115994,0.806042,1.572038,1.471883,9.062566,1.5698628
2014-06-12,392,1.35505,1.437967,1.217782,8.117651,0.800323,1.560771,1.471869,9.064088,1.571858
2014-06-18,393,1.358203,1.447145,1.218069,8.16112,0.800026,1.559078,1.472626,9.022562,1.57551548
2015-11-30,394,1.056952,1.462186,1.087396,9.190342,0.701786,1.604812,1.411613,9.221347,1.22606432
2015-03-19,395,1.066382,1.393973,1.057836,8.676324,0.722711,1.437632,1.356628,9.256533,1.23700312
2014-09-30,396,1.262907,1.443967,1.205231,8.124886,0.77888,1.617082,1.413328,9.122421,1.46497212
2014-05-13,397,1.370377,1.464074,1.218977,8.114063,0.814296,1.586859,1.494444,8.979196,1.58963732
2014-05-12,398,1.375773,1.469672,1.220977,8.142606,0.815575,1.595563,1.499183,9.037443,1.59589668
2014-05-15,399,1.371261,1.465389,1.221176,8.148137,0.816662,1.585427,1.492324,9.002852,1.59066276
2014-05-14,400,1.371524,1.46262,1.22006,8.125721,0.81801,1.583164,1.493864,8.992931,1.59096784
2014-05-16,401,1.369422,1.462647,1.221956,8.126424,0.814486,1.587167,1.4879,8.989753,1.58852952
2014-04-18,402,1.381378,1.480736,1.219629,8.268259,0.822659,1.610018,1.522228,9.115561,1.60239848
2015-10-29,403,1.09884,1.551732,1.086259,9.391757,0.717363,1.641553,1.447843,9.354628,1.2746544
2015-10-28,404,1.092694,1.538625,1.083554,9.324276,0.715643,1.633815,1.442003,9.328273,1.26752504
2015-10-27,405,1.104279,1.533428,1.088116,9.322283,0.721319,1.631383,1.462621,9.392486,1.28096364
2015-10-26,406,1.105631,1.526297,1.085787,9.223377,0.720361,1.63157,1.455154,9.40312,1.28253196
2015-10-25,407,1.10161,1.526142,1.078253,9.244103,0.719263,1.631425,1.450656,9.367867,1.2778676
2015-10-24,408,1.10179,1.526127,1.072209,9.227262,0.719528,1.631636,1.449375,9.361893,1.2780764
2015-10-23,409,1.10179,1.526127,1.069853,9.202394,0.719528,1.631636,1.449607,9.337072,1.2780764
2015-10-22,410,1.110604,1.538794,1.076962,9.177329,0.721578,1.636207,1.453001,9.356045,1.28830064
2015-10-21,411,1.134035,1.572041,1.086784,9.270687,0.735506,1.688291,1.486686,9.435872,1.3154806
2015-10-20,412,1.13507,1.562835,1.085086,9.216786,0.734854,1.681197,1.473183,9.421667,1.3166812
2014-11-30,413,1.244972,1.468183,1.203193,8.753928,0.795932,1.591165,1.422585,9.267299,1.44416752
2015-07-27,414,1.108842,1.524756,1.066998,9.07026,0.7127,1.678814,1.4458,9.456654,1.28625672
2015-07-26,415,1.097718,1.508733,1.056711,9.007412,0.707508,1.669255,1.43191,9.432439,1.27335288
2015-07-25,416,1.097762,1.507204,1.056601,9.007263,0.70773,1.669046,1.432248,9.423424,1.27340392
2015-07-24,417,1.097762,1.507204,1.055963,9.000187,0.70773,1.669046,1.431624,9.422682,1.27340392
2015-07-23,418,1.098532,1.493126,1.054319,8.972395,0.707986,1.661438,1.430552,9.413057,1.27429712
2015-07-22,419,1.092982,1.478511,1.049316,8.916558,0.700651,1.646152,1.421388,9.392869,1.26785912
2015-07-21,420,1.093752,1.473319,1.049432,8.89088,0.703076,1.650375,1.417173,9.363512,1.26875232
2015-07-20,421,1.082762,1.468433,1.043241,8.896515,0.695719,1.648736,1.406932,9.341588,1.25600392
2015-07-29,422,1.098515,1.505169,1.06175,8.959483,0.704001,1.651163,1.423624,9.469556,1.2742774
2015-07-28,423,1.106214,1.506362,1.063727,9.032213,0.708537,1.645875,1.432274,9.466415,1.28320824
2016-03-31,424,1.13801,1.484583,1.094904,9.430356,0.791998,1.644686,1.478456,9.255159,1.3200916
2016-03-30,425,1.13324,1.47797,1.09565,9.44617,0.788262,1.639703,1.473958,9.248118,1.3145584
2016-04-29,426,1.144925,1.505162,1.100848,9.241333,0.783618,1.640269,1.437658,9.209218,1.328113
2016-04-28,427,1.135199,1.488645,1.098829,9.243932,0.777141,1.630705,1.426191,9.170078,1.31683084
2016-04-21,428,1.128806,1.458626,1.098091,9.24343,0.788393,1.632915,1.435604,9.179332,1.30941496
2016-04-20,429,1.130046,1.44963,1.095924,9.1839,0.788304,1.619746,1.431653,9.176058,1.31085336
2016-04-23,430,1.122473,1.455024,1.098116,9.238518,0.779159,1.638225,1.423134,9.153811,1.30206868
2016-04-22,431,1.122473,1.455024,1.097142,9.22395,0.779159,1.638225,1.42243,9.150561,1.30206868
2016-04-25,432,1.126758,1.460778,1.099401,9.252153,0.778133,1.642479,1.428543,9.177084,1.30703928
2016-04-24,433,1.122968,1.457041,1.098876,9.248604,0.777301,1.636093,1.422251,9.158707,1.30264288
2016-04-27,434,1.132738,1.490368,1.100651,9.239232,0.779207,1.636973,1.427582,9.169687,1.31397608
2016-04-26,435,1.129806,1.45839,1.100601,9.232686,0.775076,1.637491,1.425985,9.179594,1.31057496
2015-06-30,436,1.113756,1.446575,1.041923,8.763796,0.7095,1.642598,1.38773,9.246866,1.29195696
2016-03-19,437,1.126974,1.48182,1.092126,9.431625,0.778567,1.657721,1.465504,9.269515,1.30728984
2016-02-08,438,1.119868,1.580871,1.106196,9.605213,0.775999,1.690863,1.559674,9.455991,1.29904688
2015-12-27,439,1.097155,1.507304,1.082839,9.504181,0.735044,1.604314,1.517636,9.221215,1.2726998
2016-03-09,440,1.099918,1.471115,1.096428,9.37657,0.773795,1.655551,1.459447,9.29798,1.27590488
2015-12-29,441,1.092573,1.498108,1.083397,9.500844,0.737313,1.590767,1.512685,9.156025,1.26738468
2016-03-07,442,1.101474,1.474934,1.095912,9.356469,0.772199,1.621163,1.464031,9.338167,1.27770984
2016-02-07,443,1.115216,1.576339,1.106233,9.549602,0.769234,1.683869,1.550148,9.438142,1.29365056
2015-05-29,444,1.096929,1.434981,1.033344,8.527626,0.717298,1.543327,1.366352,9.343655,1.27243764
2015-05-28,445,1.096685,1.432314,1.035738,8.537996,0.715905,1.527519,1.363194,9.280984,1.2721546
2015-10-14,446,1.147406,1.571127,1.091954,9.284045,0.741351,1.687221,1.48557,9.318825,1.33099096
2015-10-15,447,1.137731,1.552496,1.083,9.222108,0.735299,1.663263,1.466842,9.343141,1.31976796
2015-10-12,448,1.135548,1.543322,1.093083,9.192721,0.740131,1.69146,1.475054,9.297012,1.31723568
2015-10-13,449,1.138361,1.577533,1.091081,9.261242,0.746061,1.714154,1.480829,9.274677,1.32049876
2015-10-10,450,1.135896,1.548725,1.092743,9.183701,0.741492,1.697663,1.470972,9.315292,1.31763936
2015-10-11,451,1.136377,1.55304,1.092642,9.184961,0.741786,1.700523,1.471231,9.321549,1.31819732
2015-05-21,452,1.11084,1.407042,1.040867,8.403568,0.709354,1.511394,1.355833,9.267952,1.2885744
2015-05-20,453,1.109344,1.40914,1.038133,8.377523,0.713981,1.518938,1.353502,9.249892,1.28683904
2016-05-15,454,1.130411,1.557518,1.102457,9.267552,0.787354,1.67109,1.463768,9.320875,1.31127676
2015-05-22,455,1.101228,1.406385,1.037257,8.40221,0.710979,1.506399,1.35063,9.224234,1.27742448
2015-05-25,456,1.09788,1.402564,1.037176,8.394687,0.709551,1.50135,1.350968,9.233352,1.2735408
2015-05-24,457,1.099933,1.405868,1.037504,8.408228,0.710477,1.504926,1.351637,9.233748,1.27592228
2015-05-27,458,1.090088,1.410124,1.035112,8.456658,0.710141,1.501739,1.355751,9.261356,1.26450208
2015-10-19,459,1.132928,1.562888,1.082619,9.208574,0.732475,1.667337,1.472368,9.406637,1.31419648
2014-08-22,460,1.324223,1.421358,1.209867,8.167659,0.799043,1.575309,1.449792,9.152923,1.53609868
2014-08-21,461,1.328071,1.427483,1.210349,8.171022,0.80106,1.580672,1.453426,9.151072,1.54056236
2014-08-20,462,1.325905,1.42805,1.209651,8.201186,0.798905,1.584103,1.452645,9.150925,1.5380498
2014-08-27,463,1.319322,1.413209,1.207217,8.151095,0.796004,1.57554,1.436281,9.164469,1.53041352
2014-08-26,464,1.316781,1.414104,1.207691,8.138167,0.79594,1.579337,1.442582,9.155524,1.52746596
2015-01-30,465,1.128705,1.453171,1.037555,8.745603,0.749467,1.555171,1.432944,9.35049,1.3092978
2014-08-24,466,1.319221,1.419121,1.209203,8.151577,0.797354,1.579845,1.446126,9.151526,1.53029636
2014-08-29,467,1.313418,1.4065,1.205081,8.135118,0.791307,1.570898,1.428146,9.173722,1.52356488
2014-08-28,468,1.318166,1.408767,1.206661,8.144112,0.794801,1.572938,1.432759,9.18149,1.52907256
2014-10-01,469,1.261914,1.444654,1.206307,8.134128,0.779637,1.622125,1.40895,9.115971,1.46382024
2014-10-02,470,1.267024,1.440148,1.209221,8.165798,0.784503,1.604145,1.4147,9.105959,1.46974784
2016-02-19,471,1.11308,1.5577,1.102774,9.526268,0.773428,1.678114,1.530801,9.411431,1.2911728
2014-10-04,472,1.251414,1.442518,1.208695,8.155278,0.783602,1.611173,1.406342,9.094559,1.45164024
2014-10-05,473,1.251077,1.444283,1.210922,8.168132,0.783764,1.617203,1.408384,9.106529,1.45124932
2014-10-06,474,1.265344,1.443831,1.214987,8.207068,0.786862,1.614538,1.41221,9.109842,1.46779904
2014-10-07,475,1.266554,1.438091,1.214173,8.196239,0.786849,1.61869,1.414917,9.120841,1.46920264
2014-10-08,476,1.273052,1.441124,1.214234,8.209828,0.787893,1.612517,1.415819,9.130474,1.47674032
2014-10-09,477,1.268731,1.447001,1.211714,8.214653,0.787131,1.614029,1.418778,9.160062,1.47172796
2016-02-10,478,1.128096,1.589867,1.100131,9.630105,0.776321,1.689568,1.570644,9.467983,1.30859136
2016-02-11,479,1.131871,1.590116,1.100952,9.692964,0.781606,1.682814,1.575204,9.491518,1.31297036
2016-02-16,480,1.114273,1.567105,1.100318,9.61077,0.779035,1.694557,1.544934,9.466653,1.29255668
2016-02-17,481,1.112629,1.550249,1.103314,9.523974,0.778598,1.676989,1.524799,9.468556,1.29064964
2016-02-14,482,1.124639,1.582498,1.099412,9.659256,0.77542,1.697372,1.558449,9.464601,1.30458124
2016-02-15,483,1.115905,1.564442,1.099157,9.609297,0.773056,1.681448,1.544441,9.452897,1.2944498
2015-08-13,484,1.115308,1.514245,1.089333,9.156303,0.714419,1.698679,1.457033,9.48431,1.29375728
2015-08-12,485,1.115708,1.511358,1.090119,9.118758,0.714398,1.687287,1.449935,9.609557,1.29422128
2015-08-11,486,1.104254,1.510959,1.090448,9.126754,0.708786,1.68617,1.447638,9.580897,1.28093464
2015-08-10,487,1.101695,1.486501,1.08368,9.046471,0.706815,1.666729,1.436081,9.591018,1.2779662
2015-08-17,488,1.107747,1.502141,1.083399,9.101225,0.710809,1.685182,1.450257,9.443199,1.28498652
2015-08-16,489,1.11074,1.505934,1.084917,9.142071,0.709805,1.698764,1.454492,9.450437,1.2884584
2015-08-15,490,1.111006,1.505614,1.084269,9.135213,0.71009,1.698942,1.453886,9.446193,1.28876696
2015-08-14,491,1.11099,1.505593,1.08442,9.128655,0.710079,1.698917,1.452704,9.461072,1.2887484
2015-08-19,492,1.111765,1.512915,1.07614,9.213292,0.708968,1.685921,1.458256,9.475541,1.2896474
2015-08-18,493,1.102679,1.503204,1.077893,9.120948,0.704078,1.673611,1.441031,9.420695,1.27910764
2015-03-18,494,1.083106,1.397505,1.070354,8.898743,0.724797,1.448815,1.36731,9.339204,1.25640296
2015-11-09,495,1.07526,1.526075,1.079497,9.315959,0.711378,1.646055,1.428576,9.344969,1.2473016
2015-11-02,496,1.10128,1.541331,1.08713,9.350925,0.714381,1.633466,1.441945,9.395776,1.2774848
2015-11-03,497,1.096191,1.526078,1.085595,9.31754,0.71086,1.64552,1.43271,9.353763,1.27158156
2015-11-01,498,1.10208,1.545446,1.087839,9.342761,0.713342,1.627381,1.441317,9.399231,1.2784128
2015-11-06,499,1.074043,1.524028,1.077866,9.296376,0.713606,1.646174,1.425991,9.349043,1.24588988
2015-11-07,500,1.074118,1.524134,1.078734,9.291895,0.713656,1.646288,1.427178,9.366109,1.24597688
2015-11-04,501,1.08671,1.521656,1.078079,9.362233,0.706105,1.647713,1.427982,9.355618,1.2605836
2015-11-05,502,1.088217,1.523171,1.082478,9.304942,0.715412,1.646073,1.431024,9.378869,1.26233172
2014-12-31,503,1.209946,1.480966,1.201901,9.021126,0.776623,1.551278,1.406109,9.443214,1.40353736
2014-12-30,504,1.215699,1.486147,1.201948,9.04473,0.781308,1.553024,1.411958,9.438696,1.41021084
2014-09-08,505,1.289757,1.390033,1.205248,8.152836,0.801254,1.558447,1.41355,9.168879,1.49611812
2014-09-09,506,1.293678,1.405054,1.206809,8.197684,0.803212,1.568261,1.418802,9.192396,1.50066648
2014-09-06,507,1.295164,1.381151,1.206083,8.133958,0.793252,1.555153,1.409359,9.187761,1.50239024
2014-09-07,508,1.295437,1.382811,1.206072,8.136915,0.799023,1.558591,1.410148,9.189344,1.50270692
2014-09-04,509,1.293495,1.384578,1.202797,8.091072,0.792487,1.558895,1.408075,9.130806,1.5004542
2014-09-05,510,1.295179,1.381145,1.203755,8.123121,0.793273,1.555176,1.409305,9.173134,1.50240764
2014-09-02,511,1.313303,1.415224,1.207026,8.12769,0.797332,1.578762,1.433545,9.208313,1.52343148
2014-09-03,512,1.315016,1.407665,1.207445,8.172449,0.798847,1.579923,1.432272,9.211532,1.52541856
2014-09-01,513,1.312927,1.406654,1.206946,8.128922,0.790414,1.566196,1.427741,9.190581,1.52299532
2015-09-29,514,1.12562,1.609637,1.09474,9.547896,0.742673,1.7729,1.509243,9.448318,1.3057192
2015-09-28,515,1.123603,1.610028,1.095953,9.587802,0.740917,1.778321,1.503297,9.499354,1.30337948
2015-09-25,516,1.119605,1.593153,1.095372,9.49774,0.737566,1.753748,1.493006,9.417166,1.2987418
2015-09-24,517,1.117691,1.594288,1.09305,9.437135,0.733992,1.763003,1.489591,9.404688,1.29652156
2015-09-27,518,1.11917,1.59547,1.096164,9.529362,0.736364,1.755865,1.491659,9.412414,1.2982372
2015-09-26,519,1.119605,1.593153,1.09599,9.52853,0.737566,1.753748,1.492905,9.420536,1.2987418
2015-09-21,520,1.118631,1.568396,1.086633,9.185355,0.721169,1.769045,1.481414,9.331382,1.29761196
2016-01-28,521,1.093999,1.54509,1.109903,9.441128,0.761944,1.688475,1.537286,9.309663,1.26903884
2015-09-23,522,1.118743,1.59832,1.093869,9.264916,0.733783,1.783465,1.489338,9.415344,1.29774188
2015-09-22,523,1.112897,1.57275,1.083806,9.203436,0.724763,1.770207,1.475875,9.322511,1.29096052
2015-03-11,524,1.054719,1.388273,1.061109,8.6096,0.706243,1.446672,1.341748,9.080876,1.22347404
2015-07-19,525,1.083986,1.469315,1.041814,8.86239,0.694538,1.661333,1.406897,9.374885,1.25742376
2015-07-16,526,1.08791,1.467939,1.0396,8.875395,0.696992,1.669081,1.406784,9.293663,1.2619756
2015-07-17,527,1.08298,1.468575,1.04003,8.846988,0.69404,1.66101,1.404072,9.343183,1.2562568
2015-07-14,528,1.101317,1.477847,1.040506,8.916571,0.704367,1.641282,1.401971,9.352197,1.27752772
2015-07-15,529,1.094926,1.483394,1.041459,8.92376,0.700277,1.662709,1.410818,9.31305,1.27011416
2015-07-12,530,1.112928,1.497934,1.046399,8.917633,0.717796,1.658928,1.412228,9.401597,1.29099648
2015-07-13,531,1.100542,1.487156,1.042975,8.88,0.710606,1.647046,1.400264,9.328301,1.27662872
2015-07-10,532,1.115756,1.498539,1.049233,8.970984,0.719045,1.660715,1.413692,9.414599,1.29427696
2015-07-11,533,1.115756,1.498539,1.048149,8.939943,0.719045,1.660715,1.413361,9.406958,1.29427696
2015-12-21,534,1.091317,1.518402,1.082905,9.570159,0.733105,1.612746,1.523524,9.282409,1.26592772
2015-12-20,535,1.086503,1.515073,1.078618,9.516147,0.728921,1.614612,1.514706,9.287507,1.26034348
2015-12-23,536,1.090912,1.508051,1.080935,9.520178,0.73361,1.606223,1.513311,9.2201,1.26545792
2015-12-22,537,1.095267,1.5148,1.082901,9.558802,0.738763,1.609177,1.525266,9.258964,1.27050972
2015-12-25,538,1.097222,1.507357,1.084112,9.532868,0.737999,1.604713,1.517519,9.242415,1.27277752
2015-12-24,539,1.096577,1.508381,1.082487,9.549103,0.735646,1.608406,1.51866,9.215823,1.27202932
2016-03-08,540,1.100894,1.481359,1.09622,9.415557,0.774498,1.633547,1.47499,9.343917,1.27703704
2015-12-26,541,1.097222,1.507357,1.083784,9.530682,0.737999,1.604713,1.517486,9.239968,1.27277752
2016-03-06,542,1.099535,1.482659,1.092515,9.337765,0.773124,1.615216,1.465659,9.338484,1.2754606
2015-12-28,543,1.097075,1.513025,1.083645,9.532654,0.737245,1.601596,1.524238,9.187537,1.272607
2016-03-04,544,1.100695,1.479481,1.093387,9.367719,0.773502,1.614265,1.467929,9.358617,1.2768062
2016-03-05,545,1.100568,1.47931,1.092684,9.347141,0.773366,1.614078,1.467302,9.341263,1.27665888
2016-03-02,546,1.086764,1.491385,1.083529,9.418877,0.771937,1.62991,1.460752,9.353208,1.26064624
2016-03-03,547,1.095092,1.489782,1.087556,9.420577,0.772651,1.628617,1.469314,9.360712,1.27030672
2016-03-01,548,1.08653,1.514097,1.084231,9.40907,0.778525,1.637764,1.460253,9.35472,1.2603748
2014-03-21,549,1.379348,1.518577,1.217773,8.350301,0.836616,1.615971,1.548574,8.859522,1.60004368
2016-01-19,550,1.09098,1.579783,1.095102,9.632212,0.770426,1.704999,1.589613,9.327548,1.2655368
2016-01-18,551,1.089067,1.586507,1.094025,9.673713,0.764491,1.688571,1.584778,9.340637,1.26331772
2016-01-13,552,1.087782,1.563884,1.093454,9.617186,0.754844,1.670456,1.558423,9.277295,1.26182712
2016-01-12,553,1.085256,1.554942,1.086737,9.643471,0.751753,1.660348,1.546175,9.254988,1.25889696
2016-01-11,554,1.086132,1.552597,1.08635,9.693687,0.746522,1.655375,1.542964,9.260647,1.25991312
2016-01-10,555,1.093118,1.574271,1.086742,9.678463,0.753049,1.672261,1.549851,9.279046,1.26801688
2016-01-17,556,1.09158,1.592924,1.093334,9.643311,0.765679,1.692422,1.590621,9.368611,1.2662328
2016-01-16,557,1.091384,1.590742,1.092664,9.631929,0.765536,1.688257,1.58483,9.360308,1.26600544
2016-01-15,558,1.091372,1.590725,1.09333,9.635248,0.765527,1.688239,1.582977,9.354407,1.26599152
2016-01-14,559,1.086655,1.555747,1.092569,9.539305,0.753772,1.67825,1.558089,9.289745,1.2605198
2015-03-23,560,1.095665,1.388194,1.059595,8.66761,0.732087,1.428665,1.371685,9.333865,1.2709714
2015-03-22,561,1.084895,1.39239,1.05935,8.685079,0.725,1.4307,1.362943,9.334241,1.2584782
2015-03-21,562,1.082066,1.392168,1.057473,8.699102,0.723624,1.430215,1.361557,9.348546,1.25519656
2015-03-20,563,1.082066,1.391654,1.058462,8.720549,0.723624,1.430215,1.361453,9.350418,1.25519656
2015-03-27,564,1.089038,1.405021,1.04688,8.652008,0.732071,1.439083,1.370451,9.332215,1.26328408
2015-03-26,565,1.087516,1.389655,1.046816,8.593006,0.732509,1.43247,1.358028,9.327653,1.26151856
2015-03-25,566,1.096574,1.398794,1.053325,8.609587,0.736809,1.44306,1.373011,9.313049,1.27202584
2015-03-24,567,1.091311,1.386491,1.049845,8.607382,0.735311,1.430211,1.365704,9.29806,1.26592076
2013-03-25,568,1.285659,1.228625,1.216902,7.497892,0.847223,1.539208,1.313724,8.36856,1.49136444
2015-03-29,569,1.088789,1.406959,1.046763,8.682161,0.731001,1.440705,1.372537,9.352395,1.26299524
2013-03-26,570,1.286073,1.22727,1.217562,7.489836,0.848187,1.532006,1.309082,8.348067,1.49184468
2013-03-23,571,1.298777,1.243366,1.222923,7.544263,0.852749,1.55438,1.328831,8.434458,1.50658132
2015-06-02,572,1.115039,1.435245,1.043112,8.74271,0.726903,1.553854,1.385643,9.441256,1.29344524
2015-06-03,573,1.126163,1.448533,1.05352,8.771499,0.734674,1.575259,1.403389,9.405662,1.30634908
2015-06-01,574,1.092687,1.435685,1.03231,8.655222,0.71882,1.538177,1.367061,9.363289,1.26751692
2015-06-06,575,1.111353,1.457375,1.043559,8.814476,0.727809,1.57709,1.383815,9.303632,1.28916948
2015-06-07,576,1.110696,1.457022,1.044351,8.844992,0.727484,1.575467,1.382155,9.32071,1.28840736
2015-04-19,577,1.079826,1.38383,1.028517,8.474431,0.72204,1.403496,1.320567,9.332306,1.25259816
2015-06-05,578,1.111353,1.457375,1.042774,8.792509,0.727809,1.57709,1.383213,9.291807,1.28916948
2015-04-17,579,1.080668,1.388134,1.031215,8.457815,0.722413,1.407031,1.323505,9.336712,1.25357488
2015-04-16,580,1.076012,1.381446,1.032423,8.382094,0.720717,1.405484,1.31853,9.280568,1.24817392
2015-06-08,581,1.128472,1.467398,1.049254,8.854584,0.735548,1.581432,1.401262,9.386418,1.30902752
2015-04-14,582,1.065259,1.398062,1.037633,8.503092,0.720944,1.417907,1.332936,9.347004,1.23570044
2015-04-13,583,1.057038,1.393431,1.033902,8.551441,0.720515,1.418643,1.330785,9.319822,1.22616408
2015-04-12,584,1.06048,1.381817,1.038766,8.597573,0.724546,1.408327,1.333314,9.352365,1.2301568
2015-04-11,585,1.059954,1.379681,1.0383,8.586953,0.724413,1.40682,1.332706,9.346692,1.22954664
2015-04-10,586,1.059954,1.379681,1.036762,8.581071,0.724413,1.40682,1.331981,9.329837,1.22954664
2015-03-28,587,1.089038,1.405021,1.048107,8.675261,0.732071,1.43911,1.37136,9.35086,1.26328408
2015-05-18,588,1.131488,1.416057,1.045665,8.363503,0.722701,1.532075,1.372127,9.31298,1.31252608
2015-02-08,589,1.131307,1.4566,1.047775,8.626156,0.742485,1.537945,1.417719,9.511911,1.31231612
2015-02-09,590,1.132543,1.452675,1.047242,8.624823,0.744364,1.529094,1.413607,9.48401,1.31374988
2015-02-06,591,1.131479,1.451285,1.048038,8.619317,0.742374,1.536421,1.417196,9.475539,1.31251564
2015-02-07,592,1.131479,1.451285,1.047727,8.610116,0.742374,1.536421,1.415925,9.480782,1.31251564
2015-02-04,593,1.133333,1.461221,1.048778,8.634055,0.746666,1.539757,1.424186,9.40129,1.31466628
2015-02-05,594,1.147685,1.470948,1.058165,8.633938,0.748872,1.550302,1.427507,9.456512,1.3313146
2015-02-02,595,1.133621,1.454087,1.050421,8.694277,0.754061,1.552928,1.428898,9.412773,1.31500036
2015-02-03,596,1.147184,1.474924,1.060711,8.672948,0.757026,1.561211,1.43131,9.448883,1.33073344
2015-02-01,597,1.131345,1.456267,1.045111,8.73439,0.750049,1.55926,1.436846,9.347314,1.3123602
2014-07-31,598,1.33886,1.440241,1.216583,8.406726,0.792865,1.57519,1.459388,9.23015,1.5530776
2014-07-30,599,1.339604,1.436688,1.216341,8.373085,0.792076,1.578568,1.458368,9.207043,1.55394064
2015-06-04,600,1.12135,1.460659,1.047933,8.724593,0.730255,1.575236,1.400551,9.326471,1.300766
2015-05-10,601,1.119791,1.413569,1.043066,8.378771,0.72514,1.507094,1.353525,9.242833,1.29895756
2015-04-18,602,1.080676,1.388441,1.029461,8.45351,0.722491,1.407177,1.322162,9.326497,1.25358416
2015-10-08,603,1.128798,1.55617,1.09085,9.212979,0.735407,1.695083,1.468856,9.305812,1.30940568
2016-05-20,604,1.122241,1.553791,1.110965,9.348758,0.773846,1.659196,1.470886,9.339934,1.30179956
2016-05-21,605,1.122241,1.553791,1.111501,9.347447,0.773846,1.659196,1.471484,9.338483,1.30179956
2015-04-15,606,1.067623,1.390603,1.032762,8.393221,0.720012,1.405985,1.318456,9.333138,1.23844268
2014-08-18,607,1.336191,1.433003,1.210323,8.223781,0.798846,1.576729,1.455234,9.156926,1.54998156
2015-06-09,608,1.127417,1.466247,1.051286,8.807116,0.732977,1.579004,1.393334,9.374907,1.30780372
2014-08-12,609,1.336861,1.44274,1.212798,8.270872,0.795319,1.585319,1.461625,9.196432,1.55075876
2014-08-13,610,1.3364,1.436276,1.212949,8.236489,0.800691,1.577631,1.459175,9.185335,1.550224
2014-08-10,611,1.340519,1.44513,1.214134,8.356299,0.798983,1.584502,1.470588,9.246263,1.55500204
2014-08-11,612,1.338572,1.444755,1.213244,8.294413,0.797356,1.583424,1.463733,9.20694,1.55274352
2014-05-20,613,1.369985,1.482388,1.221949,8.151953,0.81362,1.598448,1.493199,9.02612,1.5891826
2014-08-17,614,1.339097,1.43702,1.209701,8.220575,0.800979,1.578045,1.458805,9.164069,1.55335252
2014-08-14,615,1.336157,1.434258,1.211838,8.231211,0.800863,1.574175,1.45775,9.166348,1.54994212
2014-08-15,616,1.339949,1.437422,1.210609,8.226165,0.802658,1.578664,1.460526,9.165942,1.55434084
2014-11-21,617,1.239136,1.429046,1.198837,8.42698,0.791313,1.57186,1.39437,9.233717,1.43739776
2014-11-20,618,1.254326,1.454482,1.202101,8.487439,0.799367,1.59445,1.4189,9.271861,1.45501816
2014-11-23,619,1.237115,1.426212,1.202203,8.413477,0.790618,1.569171,1.390161,9.240973,1.4350534
2014-11-22,620,1.239122,1.429037,1.200106,8.424321,0.791305,1.571943,1.393121,9.240465,1.43738152
2014-11-25,621,1.247413,1.462569,1.203955,8.484433,0.794164,1.597679,1.404026,9.269565,1.44699908
2014-11-24,622,1.244104,1.443996,1.203309,8.459046,0.792146,1.582399,1.402817,9.270034,1.44316064
2014-11-27,623,1.246365,1.461009,1.201647,8.610159,0.792439,1.586404,1.41108,9.264101,1.4457834
2014-11-26,624,1.250663,1.464141,1.203577,8.536099,0.791912,1.588083,1.407595,9.265137,1.45076908
2014-11-29,625,1.245026,1.463548,1.201735,8.738591,0.795617,1.587802,1.420532,9.271535,1.44423016
2014-11-28,626,1.245128,1.463721,1.201053,8.713746,0.795663,1.587866,1.41799,9.27102,1.44434848
2015-08-20,627,1.123306,1.531231,1.080443,9.266799,0.715919,1.696013,1.46948,9.576247,1.30303496
2015-08-21,628,1.13893,1.55541,1.081848,9.35136,0.725657,1.703556,1.500373,9.550244,1.3211588
2015-08-26,629,1.133062,1.590557,1.076081,9.444044,0.732324,1.757639,1.505961,9.577444,1.31435192
2015-08-27,630,1.124475,1.567548,1.081098,9.333128,0.72977,1.735603,1.486769,9.507016,1.304391
2015-08-24,631,1.159973,1.623366,1.083769,9.534302,0.736149,1.799718,1.538723,9.607812,1.34556868
2015-08-25,632,1.152387,1.614808,1.082557,9.474672,0.734234,1.77638,1.533631,9.627033,1.33676892
2014-12-08,633,1.231644,1.484712,1.202906,8.812759,0.786786,1.60849,1.412777,9.298504,1.42870704
2014-12-09,634,1.237517,1.49216,1.203852,8.823576,0.789763,1.612449,1.416354,9.328227,1.43551972
2014-12-02,635,1.239564,1.46754,1.20251,8.69671,0.792279,1.587596,1.412837,9.289219,1.43789424
2014-12-03,636,1.233939,1.467194,1.20166,8.658635,0.786952,1.587562,1.402675,9.256715,1.43136924
2014-12-01,637,1.247301,1.468395,1.203264,8.676701,0.792686,1.584783,1.414481,9.280396,1.44686916
2014-12-06,638,1.232131,1.475502,1.202173,8.761445,0.789745,1.592097,1.406639,9.278257,1.42927196
2014-12-07,639,1.232283,1.477479,1.203457,8.765621,0.790274,1.594894,1.407978,9.288694,1.42944828
2014-12-04,640,1.239234,1.475794,1.203715,8.724681,0.79077,1.590592,1.410545,9.289032,1.43751144
2014-12-05,641,1.232131,1.475502,1.203102,8.745484,0.789745,1.592097,1.405695,9.276634,1.42927196
2014-06-03,642,1.362738,1.470887,1.221735,8.171494,0.813693,1.615464,1.485652,9.107962,1.58077608
2014-06-02,643,1.35983,1.471176,1.220862,8.148126,0.812033,1.610005,1.480646,9.099837,1.5774028
2014-06-05,644,1.366111,1.463699,1.219325,8.176481,0.812615,1.608612,1.492633,9.100486,1.58468876
2014-06-04,645,1.359954,1.465979,1.220166,8.160582,0.812573,1.6148,1.48714,9.047706,1.57754664
2015-04-26,646,1.08656,1.388436,1.036534,8.457757,0.716068,1.430456,1.323806,9.384288,1.2604096
2015-04-27,647,1.087604,1.385399,1.038967,8.420992,0.714325,1.423598,1.317188,9.367869,1.26162064
2015-04-24,648,1.087338,1.390036,1.03961,8.480111,0.71595,1.4302,1.32489,9.40092,1.26131208
2015-04-25,649,1.087347,1.389476,1.037607,8.464325,0.715934,1.430102,1.323575,9.387675,1.26132252
2015-04-22,650,1.072041,1.383953,1.037062,8.474163,0.713037,1.402303,1.313087,9.355256,1.24356756
2015-04-23,651,1.081928,1.390863,1.034336,8.486611,0.718663,1.425266,1.316581,9.353669,1.25503648
2015-04-20,652,1.074075,1.390474,1.025982,8.45534,0.720698,1.401792,1.31384,9.334656,1.245927
2015-04-21,653,1.07368,1.391078,1.025557,8.456205,0.719303,1.400183,1.316518,9.302442,1.2454688
2015-04-28,654,1.097664,1.368656,1.048765,8.419441,0.715636,1.419548,1.322991,9.365071,1.27329024
2015-04-29,655,1.111709,1.390042,1.048563,8.404795,0.720552,1.460728,1.337135,9.327144,1.28958244
2016-04-18,656,1.131031,1.459414,1.091852,9.302095,0.792377,1.62601,1.447559,9.185946,1.31199596
2016-04-19,657,1.135704,1.454702,1.093374,9.261298,0.789158,1.612146,1.445528,9.1934,1.31741664
2016-04-14,658,1.126438,1.464118,1.087554,9.270822,0.796246,1.644609,1.445974,9.158792,1.30666808
2016-04-15,659,1.128379,1.460758,1.091969,9.308295,0.794383,1.630802,1.446898,9.176264,1.30891964
2016-04-16,660,1.128379,1.460758,1.092085,9.308429,0.794383,1.630802,1.446834,9.174601,1.30891964
2016-04-17,661,1.129191,1.473373,1.092107,9.373489,0.796299,1.637598,1.460587,9.192744,1.30986156
2016-04-10,662,1.140596,1.50939,1.087537,9.384701,0.807386,1.67382,1.481174,9.29698,1.32309136
2016-04-11,663,1.140827,1.50249,1.088899,9.363334,0.801717,1.664446,1.47424,9.266635,1.32335932
2016-04-12,664,1.138511,1.482136,1.087342,9.316611,0.798133,1.645408,1.458463,9.214829,1.32067276
2016-04-13,665,1.127913,1.472595,1.087352,9.27322,0.794099,1.631026,1.446182,9.174141,1.30837908
2016-03-10,666,1.117907,1.500156,1.103941,9.527509,0.782563,1.676877,1.491985,9.377724,1.29677212
2016-01-22,667,1.079736,1.541834,1.094221,9.463163,0.756808,1.663407,1.533187,9.274539,1.25249376
2016-02-09,668,1.128881,1.595526,1.103365,9.694298,0.780018,1.701326,1.566934,9.507395,1.30950196
2016-01-20,669,1.089061,1.575842,1.094341,9.667088,0.76752,1.692859,1.579836,9.350645,1.26331076
2016-01-21,670,1.086875,1.552539,1.093823,9.564849,0.764357,1.665209,1.558557,9.309064,1.260775
2016-01-26,671,1.086561,1.55192,1.104771,9.466752,0.757253,1.673047,1.536042,9.289385,1.26041076
2016-01-27,672,1.090032,1.551438,1.106366,9.465144,0.765245,1.694827,1.539581,9.28017,1.26443712
2016-01-24,673,1.079539,1.541044,1.097208,9.437476,0.756473,1.663671,1.526237,9.273442,1.25226524
2016-01-25,674,1.085008,1.561906,1.099632,9.499297,0.761629,1.681361,1.546666,9.298416,1.25860928
2015-03-12,675,1.06215,1.378826,1.065485,8.621611,0.713446,1.436406,1.348423,9.128103,1.232094
2015-03-13,676,1.049636,1.374395,1.055625,8.606955,0.711914,1.430675,1.340308,9.12896,1.21757776
2015-03-10,677,1.068695,1.400501,1.064765,8.618516,0.70945,1.468224,1.353674,9.139103,1.2396862
2016-01-29,678,1.083075,1.528877,1.106258,9.39444,0.760293,1.670391,1.516124,9.277548,1.256367
2015-03-16,679,1.056792,1.382561,1.0645,8.725028,0.712903,1.432875,1.350125,9.16398,1.22587872
2015-03-17,680,1.059208,1.389478,1.065507,8.788654,0.718167,1.448627,1.354592,9.204217,1.22868128
2015-03-14,681,1.049636,1.374395,1.055417,8.606955,0.711926,1.430675,1.340889,9.13499,1.21757776
2015-03-15,682,1.04921,1.37601,1.056139,8.611953,0.711443,1.430926,1.342106,9.149861,1.2170836
2014-11-08,683,1.244419,1.441715,1.20449,8.49977,0.784601,1.606189,1.412444,9.227612,1.44352604
2015-10-05,684,1.11899,1.579622,1.090928,9.398526,0.738739,1.724214,1.465935,9.328305,1.2980284
2015-10-04,685,1.121261,1.589572,1.089878,9.404863,0.738615,1.739005,1.476441,9.381124,1.30066276
2015-10-07,686,1.123983,1.559898,1.094175,9.260909,0.733841,1.700165,1.468303,9.281715,1.30382028
2015-10-06,687,1.126782,1.573324,1.091087,9.353061,0.739812,1.722364,1.470692,9.302831,1.30706712
2015-10-01,688,1.119163,1.590683,1.092748,9.448239,0.739423,1.747541,1.485542,9.378934,1.29822908
2015-05-19,689,1.114489,1.40763,1.040631,8.357274,0.718385,1.516893,1.35946,9.27169,1.29280724
2015-10-03,690,1.12112,1.589433,1.090013,9.402653,0.738574,1.739124,1.476283,9.370206,1.3004992
2015-10-02,691,1.12112,1.589433,1.090286,9.41712,0.738574,1.739124,1.477494,9.373752,1.3004992
2015-05-14,692,1.140602,1.411615,1.043561,8.425181,0.723011,1.521215,1.36708,9.41121,1.32309832
2015-05-15,693,1.143394,1.422976,1.047084,8.37546,0.727073,1.52984,1.372432,9.372406,1.32633704
2015-05-16,694,1.143394,1.422976,1.047483,8.370284,0.727073,1.52984,1.373601,9.375141,1.32633704
2015-10-09,695,1.135896,1.548725,1.094196,9.200111,0.741492,1.697663,1.472836,9.322167,1.31763936
2015-05-11,696,1.1152,1.413384,1.041047,8.419822,0.715748,1.518954,1.348677,9.248544,1.293632
2015-05-12,697,1.121612,1.405462,1.042906,8.407797,0.715854,1.517802,1.348987,9.333247,1.30106992
2015-05-13,698,1.135557,1.399394,1.043924,8.41662,0.721351,1.508031,1.359819,9.365941,1.31724612
2013-07-08,699,1.286091,1.410444,1.239545,7.952527,0.861163,1.652201,1.358774,8.7482,1.49186556
2015-01-25,700,1.11426,1.414458,0.981404,8.686968,0.742572,1.499071,1.385796,9.315362,1.2925416
2015-01-24,701,1.120675,1.416621,0.985305,8.692194,0.747387,1.503448,1.391695,9.327112,1.299983
2015-01-27,702,1.137743,1.434504,1.022985,8.809533,0.748828,1.52631,1.411402,9.340558,1.31978188
2015-01-26,703,1.123924,1.418982,1.009322,8.756904,0.745241,1.51289,1.400986,9.354299,1.30375184
2015-01-21,704,1.161446,1.43418,1.003244,8.821212,0.767023,1.534187,1.424455,9.483912,1.34727736
2015-01-20,705,1.15551,1.415045,1.00934,8.848425,0.762861,1.512525,1.396082,9.429897,1.3403916
2015-01-23,706,1.120675,1.416621,0.982829,8.669935,0.747387,1.503448,1.390688,9.304435,1.299983
2015-01-22,707,1.136144,1.417344,0.989269,8.702644,0.757104,1.515356,1.402407,9.339698,1.31792704
2015-01-29,708,1.132417,1.457915,1.040895,8.844173,0.751466,1.557131,1.425015,9.350473,1.31360372
2015-01-28,709,1.127824,1.428739,1.020229,8.820392,0.744894,1.5399,1.411572,9.353324,1.30827584
2014-10-17,710,1.275984,1.459311,1.206466,8.358236,0.79288,1.611274,1.439,9.159731,1.48014144
2014-10-16,711,1.280005,1.463088,1.209218,8.397691,0.796144,1.615676,1.443223,9.178721,1.4848058
2014-10-15,712,1.282115,1.456263,1.209634,8.391679,0.801396,1.608802,1.443652,9.191062,1.4872534
2014-10-14,713,1.264571,1.451819,1.206994,8.301521,0.795701,1.614274,1.42645,9.16066,1.46690236
2014-10-13,714,1.273691,1.454094,1.210811,8.260738,0.792469,1.615191,1.425743,9.103719,1.47748156
2014-10-12,715,1.264486,1.458744,1.208688,8.232578,0.785804,1.619091,1.415657,9.142213,1.46680376
2014-10-11,716,1.262621,1.453633,1.208173,8.218094,0.785438,1.615528,1.413978,9.132505,1.46464036
2014-10-10,717,1.262639,1.453683,1.207234,8.203089,0.785418,1.615473,1.412024,9.119234,1.46466124
2016-02-01,718,1.089039,1.532395,1.111453,9.460128,0.754936,1.665654,1.519531,9.300847,1.26328524
2016-02-03,719,1.108547,1.548138,1.117986,9.530355,0.759819,1.664333,1.533124,9.386362,1.28591452
2016-02-02,720,1.092408,1.553497,1.11332,9.515621,0.757982,1.675666,1.533919,9.34186,1.26719328
2016-02-05,721,1.115928,1.579005,1.108089,9.561044,0.769489,1.683619,1.548885,9.426791,1.29447648
2016-02-04,722,1.120224,1.556217,1.117625,9.565136,0.768352,1.667222,1.545884,9.441265,1.29945984
2014-10-19,723,1.274746,1.455529,1.207378,8.346801,0.792283,1.60822,1.438924,9.158881,1.47870536
2016-02-06,724,1.115928,1.579183,1.106279,9.563983,0.769489,1.683619,1.549831,9.428492,1.29447648
